Label;Split;Style;Tags
0;['0'];INT;INTAN INTVOS INTDES INTNA START_INT
1;['1'];INT;INTAN INTVOS INTDES INTNA START_INT
2;['2'];INT;INTAN INTVOS INTDES INTNA START_INT
3;['3'];INT;INTAN INTVOS INTDES INTNA START_INT
4;['4'];INT;INTAN INTVOS INTDES INTNA START_INT
5;['5'];INT;INTAN INTVOS INTDES INTNA START_INT
6;['6'];INT;INTAN INTVOS INTDES INTNA START_INT
7;['7'];INT;INTAN INTVOS INTDES INTNA START_INT
8;['8'];INT;INTAN INTVOS INTDES INTNA START_INT
9;['9'];INT;INTAN INTVOS INTDES INTNA START_INT
10;['10'];INT;INTAN INTVOS INTDES INTNA START_INT
11;['11'];INT;INTAN INTVOS INTDES INTNA START_INT
12;['12'];INT;INTAN INTVOS INTDES INTNA START_INT
13;['13'];INT;INTAN INTVOS INTDES INTNA START_INT
14;['14'];INT;INTAN INTVOS INTDES INTNA START_INT
15;['15'];INT;INTAN INTVOS INTDES INTNA START_INT
16;['16'];INT;INTAN INTVOS INTDES INTNA START_INT
17;['17'];INT;INTAN INTVOS INTDES INTNA START_INT
18;['18'];INT;INTAN INTVOS INTDES INTNA START_INT
19;['19'];INT;INTAN INTVOS INTDES INTNA START_INT
20;['20'];INT;INTAN INTVOS INTDES INTNA START_INT
21;['21'];INT;INTAN INTVOS INTDES INTNA START_INT
22;['22'];INT;INTAN INTVOS INTDES INTNA START_INT
23;['23'];INT;INTAN INTVOS INTDES INTNA START_INT
24;['24'];INT;INTAN INTVOS INTDES INTNA START_INT
25;['25'];INT;INTAN INTVOS INTDES INTNA START_INT
26;['26'];INT;INTAN INTVOS INTDES INTNA START_INT
27;['27'];INT;INTAN INTVOS INTDES INTNA START_INT
28;['28'];INT;INTAN INTVOS INTDES INTNA START_INT
29;['29'];INT;INTAN INTVOS INTDES INTNA START_INT
30;['30'];INT;INTAN INTVOS INTDES INTNA START_INT
31;['31'];INT;INTAN INTVOS INTDES INTNA START_INT
32;['32'];INT;INTAN INTVOS INTDES INTNA START_INT
33;['33'];INT;INTAN INTVOS INTDES INTNA START_INT
34;['34'];INT;INTAN INTVOS INTDES INTNA START_INT
35;['35'];INT;INTAN INTVOS INTDES INTNA START_INT
36;['36'];INT;INTAN INTVOS INTDES INTNA START_INT
37;['37'];INT;INTAN INTVOS INTDES INTNA START_INT
38;['38'];INT;INTAN INTVOS INTDES INTNA START_INT
39;['39'];INT;INTAN INTVOS INTDES INTNA START_INT
40;['40'];INT;INTAN INTVOS INTDES INTNA START_INT
41;['41'];INT;INTAN INTVOS INTDES INTNA START_INT
42;['42'];INT;INTAN INTVOS INTDES INTNA START_INT
43;['43'];INT;INTAN INTVOS INTDES INTNA START_INT
44;['44'];INT;INTAN INTVOS INTDES INTNA START_INT
45;['45'];INT;INTAN INTVOS INTDES INTNA START_INT
46;['46'];INT;INTAN INTVOS INTDES INTNA START_INT
47;['47'];INT;INTAN INTVOS INTDES INTNA START_INT
48;['48'];INT;INTAN INTVOS INTDES INTNA START_INT
49;['49'];INT;INTAN INTVOS INTDES INTNA START_INT
50;['50'];INT;INTAN INTVOS INTDES INTNA START_INT
51;['51'];INT;INTAN INTVOS INTDES INTNA START_INT
52;['52'];INT;INTAN INTVOS INTDES INTNA START_INT
53;['53'];INT;INTAN INTVOS INTDES INTNA START_INT
54;['54'];INT;INTAN INTVOS INTDES INTNA START_INT
55;['55'];INT;INTAN INTVOS INTDES INTNA START_INT
56;['56'];INT;INTAN INTVOS INTDES INTNA START_INT
57;['57'];INT;INTAN INTVOS INTDES INTNA START_INT
58;['58'];INT;INTAN INTVOS INTDES INTNA START_INT
59;['59'];INT;INTAN INTVOS INTDES INTNA START_INT
60;['60'];INT;INTAN INTVOS INTDES INTNA START_INT
61;['61'];INT;INTAN INTVOS INTDES INTNA START_INT
62;['62'];INT;INTAN INTVOS INTDES INTNA START_INT
63;['63'];INT;INTAN INTVOS INTDES INTNA START_INT
64;['64'];INT;INTAN INTVOS INTDES INTNA START_INT
65;['65'];INT;INTAN INTVOS INTDES INTNA START_INT
66;['66'];INT;INTAN INTVOS INTDES INTNA START_INT
67;['67'];INT;INTAN INTVOS INTDES INTNA START_INT
68;['68'];INT;INTAN INTVOS INTDES INTNA START_INT
69;['69'];INT;INTAN INTVOS INTDES INTNA START_INT
70;['70'];INT;INTAN INTVOS INTDES INTNA START_INT
71;['71'];INT;INTAN INTVOS INTDES INTNA START_INT
72;['72'];INT;INTAN INTVOS INTDES INTNA START_INT
73;['73'];INT;INTAN INTVOS INTDES INTNA START_INT
74;['74'];INT;INTAN INTVOS INTDES INTNA START_INT
75;['75'];INT;INTAN INTVOS INTDES INTNA START_INT
76;['76'];INT;INTAN INTVOS INTDES INTNA START_INT
77;['77'];INT;INTAN INTVOS INTDES INTNA START_INT
78;['78'];INT;INTAN INTVOS INTDES INTNA START_INT
79;['79'];INT;INTAN INTVOS INTDES INTNA START_INT
80;['80'];INT;INTAN INTVOS INTDES INTNA START_INT
81;['81'];INT;INTAN INTVOS INTDES INTNA START_INT
82;['82'];INT;INTAN INTVOS INTDES INTNA START_INT
83;['83'];INT;INTAN INTVOS INTDES INTNA START_INT
84;['84'];INT;INTAN INTVOS INTDES INTNA START_INT
85;['85'];INT;INTAN INTVOS INTDES INTNA START_INT
86;['86'];INT;INTAN INTVOS INTDES INTNA START_INT
87;['87'];INT;INTAN INTVOS INTDES INTNA START_INT
88;['88'];INT;INTAN INTVOS INTDES INTNA START_INT
89;['89'];INT;INTAN INTVOS INTDES INTNA START_INT
90;['90'];INT;INTAN INTVOS INTDES INTNA START_INT
91;['91'];INT;INTAN INTVOS INTDES INTNA START_INT
92;['92'];INT;INTAN INTVOS INTDES INTNA START_INT
93;['93'];INT;INTAN INTVOS INTDES INTNA START_INT
94;['94'];INT;INTAN INTVOS INTDES INTNA START_INT
95;['95'];INT;INTAN INTVOS INTDES INTNA START_INT
96;['96'];INT;INTAN INTVOS INTDES INTNA START_INT
97;['97'];INT;INTAN INTVOS INTDES INTNA START_INT
98;['98'];INT;INTAN INTVOS INTDES INTNA START_INT
99;['99'];INT;INTAN INTVOS INTDES INTNA START_INT
100;['100'];INT;INTAN INTVOS INTDES INTNA START_INT
101;['101'];INT;INTAN INTVOS INTDES INTNA START_INT
102;['102'];INT;INTAN INTVOS INTDES INTNA START_INT
103;['103'];INT;INTAN INTVOS INTDES INTNA START_INT
104;['104'];INT;INTAN INTVOS INTDES INTNA START_INT
105;['105'];INT;INTAN INTVOS INTDES INTNA START_INT
106;['106'];INT;INTAN INTVOS INTDES INTNA START_INT
107;['107'];INT;INTAN INTVOS INTDES INTNA START_INT
108;['108'];INT;INTAN INTVOS INTDES INTNA START_INT
109;['109'];INT;INTAN INTVOS INTDES INTNA START_INT
110;['110'];INT;INTAN INTVOS INTDES INTNA START_INT
111;['111'];INT;INTAN INTVOS INTDES INTNA START_INT
112;['112'];INT;INTAN INTVOS INTDES INTNA START_INT
113;['113'];INT;INTAN INTVOS INTDES INTNA START_INT
114;['114'];INT;INTAN INTVOS INTDES INTNA START_INT
115;['115'];INT;INTAN INTVOS INTDES INTNA START_INT
116;['116'];INT;INTAN INTVOS INTDES INTNA START_INT
117;['117'];INT;INTAN INTVOS INTDES INTNA START_INT
118;['118'];INT;INTAN INTVOS INTDES INTNA START_INT
119;['119'];INT;INTAN INTVOS INTDES INTNA START_INT
120;['120'];INT;INTAN INTVOS INTDES INTNA START_INT
121;['121'];INT;INTAN INTVOS INTDES INTNA START_INT
122;['122'];INT;INTAN INTVOS INTDES INTNA START_INT
123;['123'];INT;INTAN INTVOS INTDES INTNA START_INT
124;['124'];INT;INTAN INTVOS INTDES INTNA START_INT
125;['125'];INT;INTAN INTVOS INTDES INTNA START_INT
126;['126'];INT;INTAN INTVOS INTDES INTNA START_INT
127;['127'];INT;INTAN INTVOS INTDES INTNA START_INT
128;['128'];INT;INTAN INTVOS INTDES INTNA START_INT
129;['129'];INT;INTAN INTVOS INTDES INTNA START_INT
130;['130'];INT;INTAN INTVOS INTDES INTNA START_INT
131;['131'];INT;INTAN INTVOS INTDES INTNA START_INT
132;['132'];INT;INTAN INTVOS INTDES INTNA START_INT
133;['133'];INT;INTAN INTVOS INTDES INTNA START_INT
134;['134'];INT;INTAN INTVOS INTDES INTNA START_INT
135;['135'];INT;INTAN INTVOS INTDES INTNA START_INT
136;['136'];INT;INTAN INTVOS INTDES INTNA START_INT
137;['137'];INT;INTAN INTVOS INTDES INTNA START_INT
138;['138'];INT;INTAN INTVOS INTDES INTNA START_INT
139;['139'];INT;INTAN INTVOS INTDES INTNA START_INT
140;['140'];INT;INTAN INTVOS INTDES INTNA START_INT
141;['141'];INT;INTAN INTVOS INTDES INTNA START_INT
142;['142'];INT;INTAN INTVOS INTDES INTNA START_INT
143;['143'];INT;INTAN INTVOS INTDES INTNA START_INT
144;['144'];INT;INTAN INTVOS INTDES INTNA START_INT
145;['145'];INT;INTAN INTVOS INTDES INTNA START_INT
146;['146'];INT;INTAN INTVOS INTDES INTNA START_INT
147;['147'];INT;INTAN INTVOS INTDES INTNA START_INT
148;['148'];INT;INTAN INTVOS INTDES INTNA START_INT
149;['149'];INT;INTAN INTVOS INTDES INTNA START_INT
150;['150'];INT;INTAN INTVOS INTDES INTNA START_INT
151;['151'];INT;INTAN INTVOS INTDES INTNA START_INT
152;['152'];INT;INTAN INTVOS INTDES INTNA START_INT
153;['153'];INT;INTAN INTVOS INTDES INTNA START_INT
154;['154'];INT;INTAN INTVOS INTDES INTNA START_INT
155;['155'];INT;INTAN INTVOS INTDES INTNA START_INT
156;['156'];INT;INTAN INTVOS INTDES INTNA START_INT
157;['157'];INT;INTAN INTVOS INTDES INTNA START_INT
158;['158'];INT;INTAN INTVOS INTDES INTNA START_INT
159;['159'];INT;INTAN INTVOS INTDES INTNA START_INT
160;['160'];INT;INTAN INTVOS INTDES INTNA START_INT
161;['161'];INT;INTAN INTVOS INTDES INTNA START_INT
162;['162'];INT;INTAN INTVOS INTDES INTNA START_INT
163;['163'];INT;INTAN INTVOS INTDES INTNA START_INT
164;['164'];INT;INTAN INTVOS INTDES INTNA START_INT
165;['165'];INT;INTAN INTVOS INTDES INTNA START_INT
166;['166'];INT;INTAN INTVOS INTDES INTNA START_INT
167;['167'];INT;INTAN INTVOS INTDES INTNA START_INT
168;['168'];INT;INTAN INTVOS INTDES INTNA START_INT
169;['169'];INT;INTAN INTVOS INTDES INTNA START_INT
170;['170'];INT;INTAN INTVOS INTDES INTNA START_INT
171;['171'];INT;INTAN INTVOS INTDES INTNA START_INT
172;['172'];INT;INTAN INTVOS INTDES INTNA START_INT
173;['173'];INT;INTAN INTVOS INTDES INTNA START_INT
174;['174'];INT;INTAN INTVOS INTDES INTNA START_INT
175;['175'];INT;INTAN INTVOS INTDES INTNA START_INT
176;['176'];INT;INTAN INTVOS INTDES INTNA START_INT
177;['177'];INT;INTAN INTVOS INTDES INTNA START_INT
178;['178'];INT;INTAN INTVOS INTDES INTNA START_INT
179;['179'];INT;INTAN INTVOS INTDES INTNA START_INT
180;['180'];INT;INTAN INTVOS INTDES INTNA START_INT
181;['181'];INT;INTAN INTVOS INTDES INTNA START_INT
182;['182'];INT;INTAN INTVOS INTDES INTNA START_INT
183;['183'];INT;INTAN INTVOS INTDES INTNA START_INT
184;['184'];INT;INTAN INTVOS INTDES INTNA START_INT
185;['185'];INT;INTAN INTVOS INTDES INTNA START_INT
186;['186'];INT;INTAN INTVOS INTDES INTNA START_INT
187;['187'];INT;INTAN INTVOS INTDES INTNA START_INT
188;['188'];INT;INTAN INTVOS INTDES INTNA START_INT
189;['189'];INT;INTAN INTVOS INTDES INTNA START_INT
190;['190'];INT;INTAN INTVOS INTDES INTNA START_INT
191;['191'];INT;INTAN INTVOS INTDES INTNA START_INT
192;['192'];INT;INTAN INTVOS INTDES INTNA START_INT
193;['193'];INT;INTAN INTVOS INTDES INTNA START_INT
194;['194'];INT;INTAN INTVOS INTDES INTNA START_INT
195;['195'];INT;INTAN INTVOS INTDES INTNA START_INT
196;['196'];INT;INTAN INTVOS INTDES INTNA START_INT
197;['197'];INT;INTAN INTVOS INTDES INTNA START_INT
198;['198'];INT;INTAN INTVOS INTDES INTNA START_INT
199;['199'];INT;INTAN INTVOS INTDES INTNA START_INT
200;['200'];INT;INTAN INTVOS INTDES INTNA START_INT
201;['201'];INT;INTAN INTVOS INTDES INTNA START_INT
202;['202'];INT;INTAN INTVOS INTDES INTNA START_INT
203;['203'];INT;INTAN INTVOS INTDES INTNA START_INT
204;['204'];INT;INTAN INTVOS INTDES INTNA START_INT
205;['205'];INT;INTAN INTVOS INTDES INTNA START_INT
206;['206'];INT;INTAN INTVOS INTDES INTNA START_INT
207;['207'];INT;INTAN INTVOS INTDES INTNA START_INT
208;['208'];INT;INTAN INTVOS INTDES INTNA START_INT
209;['209'];INT;INTAN INTVOS INTDES INTNA START_INT
210;['210'];INT;INTAN INTVOS INTDES INTNA START_INT
211;['211'];INT;INTAN INTVOS INTDES INTNA START_INT
212;['212'];INT;INTAN INTVOS INTDES INTNA START_INT
213;['213'];INT;INTAN INTVOS INTDES INTNA START_INT
214;['214'];INT;INTAN INTVOS INTDES INTNA START_INT
215;['215'];INT;INTAN INTVOS INTDES INTNA START_INT
216;['216'];INT;INTAN INTVOS INTDES INTNA START_INT
217;['217'];INT;INTAN INTVOS INTDES INTNA START_INT
218;['218'];INT;INTAN INTVOS INTDES INTNA START_INT
219;['219'];INT;INTAN INTVOS INTDES INTNA START_INT
220;['220'];INT;INTAN INTVOS INTDES INTNA START_INT
221;['221'];INT;INTAN INTVOS INTDES INTNA START_INT
222;['222'];INT;INTAN INTVOS INTDES INTNA START_INT
223;['223'];INT;INTAN INTVOS INTDES INTNA START_INT
224;['224'];INT;INTAN INTVOS INTDES INTNA START_INT
225;['225'];INT;INTAN INTVOS INTDES INTNA START_INT
226;['226'];INT;INTAN INTVOS INTDES INTNA START_INT
227;['227'];INT;INTAN INTVOS INTDES INTNA START_INT
228;['228'];INT;INTAN INTVOS INTDES INTNA START_INT
229;['229'];INT;INTAN INTVOS INTDES INTNA START_INT
230;['230'];INT;INTAN INTVOS INTDES INTNA START_INT
231;['231'];INT;INTAN INTVOS INTDES INTNA START_INT
232;['232'];INT;INTAN INTVOS INTDES INTNA START_INT
233;['233'];INT;INTAN INTVOS INTDES INTNA START_INT
234;['234'];INT;INTAN INTVOS INTDES INTNA START_INT
235;['235'];INT;INTAN INTVOS INTDES INTNA START_INT
236;['236'];INT;INTAN INTVOS INTDES INTNA START_INT
237;['237'];INT;INTAN INTVOS INTDES INTNA START_INT
238;['238'];INT;INTAN INTVOS INTDES INTNA START_INT
239;['239'];INT;INTAN INTVOS INTDES INTNA START_INT
240;['240'];INT;INTAN INTVOS INTDES INTNA START_INT
241;['241'];INT;INTAN INTVOS INTDES INTNA START_INT
242;['242'];INT;INTAN INTVOS INTDES INTNA START_INT
243;['243'];INT;INTAN INTVOS INTDES INTNA START_INT
244;['244'];INT;INTAN INTVOS INTDES INTNA START_INT
245;['245'];INT;INTAN INTVOS INTDES INTNA START_INT
246;['246'];INT;INTAN INTVOS INTDES INTNA START_INT
247;['247'];INT;INTAN INTVOS INTDES INTNA START_INT
248;['248'];INT;INTAN INTVOS INTDES INTNA START_INT
249;['249'];INT;INTAN INTVOS INTDES INTNA START_INT
250;['250'];INT;INTAN INTVOS INTDES INTNA START_INT
251;['251'];INT;INTAN INTVOS INTDES INTNA START_INT
252;['252'];INT;INTAN INTVOS INTDES INTNA START_INT
253;['253'];INT;INTAN INTVOS INTDES INTNA START_INT
254;['254'];INT;INTAN INTVOS INTDES INTNA START_INT
255;['255'];INT;INTAN INTVOS INTDES INTNA START_INT
256;['256'];INT;INTAN INTVOS INTDES INTNA START_INT
257;['257'];INT;INTAN INTVOS INTDES INTNA START_INT
258;['258'];INT;INTAN INTVOS INTDES INTNA START_INT
259;['259'];INT;INTAN INTVOS INTDES INTNA START_INT
260;['260'];INT;INTAN INTVOS INTDES INTNA START_INT
261;['261'];INT;INTAN INTVOS INTDES INTNA START_INT
262;['262'];INT;INTAN INTVOS INTDES INTNA START_INT
263;['263'];INT;INTAN INTVOS INTDES INTNA START_INT
264;['264'];INT;INTAN INTVOS INTDES INTNA START_INT
265;['265'];INT;INTAN INTVOS INTDES INTNA START_INT
266;['266'];INT;INTAN INTVOS INTDES INTNA START_INT
267;['267'];INT;INTAN INTVOS INTDES INTNA START_INT
268;['268'];INT;INTAN INTVOS INTDES INTNA START_INT
269;['269'];INT;INTAN INTVOS INTDES INTNA START_INT
270;['270'];INT;INTAN INTVOS INTDES INTNA START_INT
271;['271'];INT;INTAN INTVOS INTDES INTNA START_INT
272;['272'];INT;INTAN INTVOS INTDES INTNA START_INT
273;['273'];INT;INTAN INTVOS INTDES INTNA START_INT
274;['274'];INT;INTAN INTVOS INTDES INTNA START_INT
275;['275'];INT;INTAN INTVOS INTDES INTNA START_INT
276;['276'];INT;INTAN INTVOS INTDES INTNA START_INT
277;['277'];INT;INTAN INTVOS INTDES INTNA START_INT
278;['278'];INT;INTAN INTVOS INTDES INTNA START_INT
279;['279'];INT;INTAN INTVOS INTDES INTNA START_INT
280;['280'];INT;INTAN INTVOS INTDES INTNA START_INT
281;['281'];INT;INTAN INTVOS INTDES INTNA START_INT
282;['282'];INT;INTAN INTVOS INTDES INTNA START_INT
283;['283'];INT;INTAN INTVOS INTDES INTNA START_INT
284;['284'];INT;INTAN INTVOS INTDES INTNA START_INT
285;['285'];INT;INTAN INTVOS INTDES INTNA START_INT
286;['286'];INT;INTAN INTVOS INTDES INTNA START_INT
287;['287'];INT;INTAN INTVOS INTDES INTNA START_INT
288;['288'];INT;INTAN INTVOS INTDES INTNA START_INT
289;['289'];INT;INTAN INTVOS INTDES INTNA START_INT
290;['290'];INT;INTAN INTVOS INTDES INTNA START_INT
291;['291'];INT;INTAN INTVOS INTDES INTNA START_INT
292;['292'];INT;INTAN INTVOS INTDES INTNA START_INT
293;['293'];INT;INTAN INTVOS INTDES INTNA START_INT
294;['294'];INT;INTAN INTVOS INTDES INTNA START_INT
295;['295'];INT;INTAN INTVOS INTDES INTNA START_INT
296;['296'];INT;INTAN INTVOS INTDES INTNA START_INT
297;['297'];INT;INTAN INTVOS INTDES INTNA START_INT
298;['298'];INT;INTAN INTVOS INTDES INTNA START_INT
299;['299'];INT;INTAN INTVOS INTDES INTNA START_INT
300;['300'];INT;INTAN INTVOS INTDES INTNA START_INT
301;['301'];INT;INTAN INTVOS INTDES INTNA START_INT
302;['302'];INT;INTAN INTVOS INTDES INTNA START_INT
303;['303'];INT;INTAN INTVOS INTDES INTNA START_INT
304;['304'];INT;INTAN INTVOS INTDES INTNA START_INT
305;['305'];INT;INTAN INTVOS INTDES INTNA START_INT
306;['306'];INT;INTAN INTVOS INTDES INTNA START_INT
307;['307'];INT;INTAN INTVOS INTDES INTNA START_INT
308;['308'];INT;INTAN INTVOS INTDES INTNA START_INT
309;['309'];INT;INTAN INTVOS INTDES INTNA START_INT
310;['310'];INT;INTAN INTVOS INTDES INTNA START_INT
311;['311'];INT;INTAN INTVOS INTDES INTNA START_INT
312;['312'];INT;INTAN INTVOS INTDES INTNA START_INT
313;['313'];INT;INTAN INTVOS INTDES INTNA START_INT
314;['314'];INT;INTAN INTVOS INTDES INTNA START_INT
315;['315'];INT;INTAN INTVOS INTDES INTNA START_INT
316;['316'];INT;INTAN INTVOS INTDES INTNA START_INT
317;['317'];INT;INTAN INTVOS INTDES INTNA START_INT
318;['318'];INT;INTAN INTVOS INTDES INTNA START_INT
319;['319'];INT;INTAN INTVOS INTDES INTNA START_INT
320;['320'];INT;INTAN INTVOS INTDES INTNA START_INT
321;['321'];INT;INTAN INTVOS INTDES INTNA START_INT
322;['322'];INT;INTAN INTVOS INTDES INTNA START_INT
323;['323'];INT;INTAN INTVOS INTDES INTNA START_INT
324;['324'];INT;INTAN INTVOS INTDES INTNA START_INT
325;['325'];INT;INTAN INTVOS INTDES INTNA START_INT
326;['326'];INT;INTAN INTVOS INTDES INTNA START_INT
327;['327'];INT;INTAN INTVOS INTDES INTNA START_INT
328;['328'];INT;INTAN INTVOS INTDES INTNA START_INT
329;['329'];INT;INTAN INTVOS INTDES INTNA START_INT
330;['330'];INT;INTAN INTVOS INTDES INTNA START_INT
331;['331'];INT;INTAN INTVOS INTDES INTNA START_INT
332;['332'];INT;INTAN INTVOS INTDES INTNA START_INT
333;['333'];INT;INTAN INTVOS INTDES INTNA START_INT
334;['334'];INT;INTAN INTVOS INTDES INTNA START_INT
335;['335'];INT;INTAN INTVOS INTDES INTNA START_INT
336;['336'];INT;INTAN INTVOS INTDES INTNA START_INT
337;['337'];INT;INTAN INTVOS INTDES INTNA START_INT
338;['338'];INT;INTAN INTVOS INTDES INTNA START_INT
339;['339'];INT;INTAN INTVOS INTDES INTNA START_INT
340;['340'];INT;INTAN INTVOS INTDES INTNA START_INT
341;['341'];INT;INTAN INTVOS INTDES INTNA START_INT
342;['342'];INT;INTAN INTVOS INTDES INTNA START_INT
343;['343'];INT;INTAN INTVOS INTDES INTNA START_INT
344;['344'];INT;INTAN INTVOS INTDES INTNA START_INT
345;['345'];INT;INTAN INTVOS INTDES INTNA START_INT
346;['346'];INT;INTAN INTVOS INTDES INTNA START_INT
347;['347'];INT;INTAN INTVOS INTDES INTNA START_INT
348;['348'];INT;INTAN INTVOS INTDES INTNA START_INT
349;['349'];INT;INTAN INTVOS INTDES INTNA START_INT
350;['350'];INT;INTAN INTVOS INTDES INTNA START_INT
351;['351'];INT;INTAN INTVOS INTDES INTNA START_INT
352;['352'];INT;INTAN INTVOS INTDES INTNA START_INT
353;['353'];INT;INTAN INTVOS INTDES INTNA START_INT
354;['354'];INT;INTAN INTVOS INTDES INTNA START_INT
355;['355'];INT;INTAN INTVOS INTDES INTNA START_INT
356;['356'];INT;INTAN INTVOS INTDES INTNA START_INT
357;['357'];INT;INTAN INTVOS INTDES INTNA START_INT
358;['358'];INT;INTAN INTVOS INTDES INTNA START_INT
359;['359'];INT;INTAN INTVOS INTDES INTNA START_INT
360;['360'];INT;INTAN INTVOS INTDES INTNA START_INT
361;['361'];INT;INTAN INTVOS INTDES INTNA START_INT
362;['362'];INT;INTAN INTVOS INTDES INTNA START_INT
363;['363'];INT;INTAN INTVOS INTDES INTNA START_INT
364;['364'];INT;INTAN INTVOS INTDES INTNA START_INT
365;['365'];INT;INTAN INTVOS INTDES INTNA START_INT
366;['366'];INT;INTAN INTVOS INTDES INTNA START_INT
367;['367'];INT;INTAN INTVOS INTDES INTNA START_INT
368;['368'];INT;INTAN INTVOS INTDES INTNA START_INT
369;['369'];INT;INTAN INTVOS INTDES INTNA START_INT
370;['370'];INT;INTAN INTVOS INTDES INTNA START_INT
371;['371'];INT;INTAN INTVOS INTDES INTNA START_INT
372;['372'];INT;INTAN INTVOS INTDES INTNA START_INT
373;['373'];INT;INTAN INTVOS INTDES INTNA START_INT
374;['374'];INT;INTAN INTVOS INTDES INTNA START_INT
375;['375'];INT;INTAN INTVOS INTDES INTNA START_INT
376;['376'];INT;INTAN INTVOS INTDES INTNA START_INT
377;['377'];INT;INTAN INTVOS INTDES INTNA START_INT
378;['378'];INT;INTAN INTVOS INTDES INTNA START_INT
379;['379'];INT;INTAN INTVOS INTDES INTNA START_INT
380;['380'];INT;INTAN INTVOS INTDES INTNA START_INT
381;['381'];INT;INTAN INTVOS INTDES INTNA START_INT
382;['382'];INT;INTAN INTVOS INTDES INTNA START_INT
383;['383'];INT;INTAN INTVOS INTDES INTNA START_INT
384;['384'];INT;INTAN INTVOS INTDES INTNA START_INT
385;['385'];INT;INTAN INTVOS INTDES INTNA START_INT
386;['386'];INT;INTAN INTVOS INTDES INTNA START_INT
387;['387'];INT;INTAN INTVOS INTDES INTNA START_INT
388;['388'];INT;INTAN INTVOS INTDES INTNA START_INT
389;['389'];INT;INTAN INTVOS INTDES INTNA START_INT
390;['390'];INT;INTAN INTVOS INTDES INTNA START_INT
391;['391'];INT;INTAN INTVOS INTDES INTNA START_INT
392;['392'];INT;INTAN INTVOS INTDES INTNA START_INT
393;['393'];INT;INTAN INTVOS INTDES INTNA START_INT
394;['394'];INT;INTAN INTVOS INTDES INTNA START_INT
395;['395'];INT;INTAN INTVOS INTDES INTNA START_INT
396;['396'];INT;INTAN INTVOS INTDES INTNA START_INT
397;['397'];INT;INTAN INTVOS INTDES INTNA START_INT
398;['398'];INT;INTAN INTVOS INTDES INTNA START_INT
399;['399'];INT;INTAN INTVOS INTDES INTNA START_INT
400;['400'];INT;INTAN INTVOS INTDES INTNA START_INT
401;['401'];INT;INTAN INTVOS INTDES INTNA START_INT
402;['402'];INT;INTAN INTVOS INTDES INTNA START_INT
403;['403'];INT;INTAN INTVOS INTDES INTNA START_INT
404;['404'];INT;INTAN INTVOS INTDES INTNA START_INT
405;['405'];INT;INTAN INTVOS INTDES INTNA START_INT
406;['406'];INT;INTAN INTVOS INTDES INTNA START_INT
407;['407'];INT;INTAN INTVOS INTDES INTNA START_INT
408;['408'];INT;INTAN INTVOS INTDES INTNA START_INT
409;['409'];INT;INTAN INTVOS INTDES INTNA START_INT
410;['410'];INT;INTAN INTVOS INTDES INTNA START_INT
411;['411'];INT;INTAN INTVOS INTDES INTNA START_INT
412;['412'];INT;INTAN INTVOS INTDES INTNA START_INT
413;['413'];INT;INTAN INTVOS INTDES INTNA START_INT
414;['414'];INT;INTAN INTVOS INTDES INTNA START_INT
415;['415'];INT;INTAN INTVOS INTDES INTNA START_INT
416;['416'];INT;INTAN INTVOS INTDES INTNA START_INT
417;['417'];INT;INTAN INTVOS INTDES INTNA START_INT
418;['418'];INT;INTAN INTVOS INTDES INTNA START_INT
419;['419'];INT;INTAN INTVOS INTDES INTNA START_INT
420;['420'];INT;INTAN INTVOS INTDES INTNA START_INT
421;['421'];INT;INTAN INTVOS INTDES INTNA START_INT
422;['422'];INT;INTAN INTVOS INTDES INTNA START_INT
423;['423'];INT;INTAN INTVOS INTDES INTNA START_INT
424;['424'];INT;INTAN INTVOS INTDES INTNA START_INT
425;['425'];INT;INTAN INTVOS INTDES INTNA START_INT
426;['426'];INT;INTAN INTVOS INTDES INTNA START_INT
427;['427'];INT;INTAN INTVOS INTDES INTNA START_INT
428;['428'];INT;INTAN INTVOS INTDES INTNA START_INT
429;['429'];INT;INTAN INTVOS INTDES INTNA START_INT
430;['430'];INT;INTAN INTVOS INTDES INTNA START_INT
431;['431'];INT;INTAN INTVOS INTDES INTNA START_INT
432;['432'];INT;INTAN INTVOS INTDES INTNA START_INT
433;['433'];INT;INTAN INTVOS INTDES INTNA START_INT
434;['434'];INT;INTAN INTVOS INTDES INTNA START_INT
435;['435'];INT;INTAN INTVOS INTDES INTNA START_INT
436;['436'];INT;INTAN INTVOS INTDES INTNA START_INT
437;['437'];INT;INTAN INTVOS INTDES INTNA START_INT
438;['438'];INT;INTAN INTVOS INTDES INTNA START_INT
439;['439'];INT;INTAN INTVOS INTDES INTNA START_INT
440;['440'];INT;INTAN INTVOS INTDES INTNA START_INT
441;['441'];INT;INTAN INTVOS INTDES INTNA START_INT
442;['442'];INT;INTAN INTVOS INTDES INTNA START_INT
443;['443'];INT;INTAN INTVOS INTDES INTNA START_INT
444;['444'];INT;INTAN INTVOS INTDES INTNA START_INT
445;['445'];INT;INTAN INTVOS INTDES INTNA START_INT
446;['446'];INT;INTAN INTVOS INTDES INTNA START_INT
447;['447'];INT;INTAN INTVOS INTDES INTNA START_INT
448;['448'];INT;INTAN INTVOS INTDES INTNA START_INT
449;['449'];INT;INTAN INTVOS INTDES INTNA START_INT
450;['450'];INT;INTAN INTVOS INTDES INTNA START_INT
451;['451'];INT;INTAN INTVOS INTDES INTNA START_INT
452;['452'];INT;INTAN INTVOS INTDES INTNA START_INT
453;['453'];INT;INTAN INTVOS INTDES INTNA START_INT
454;['454'];INT;INTAN INTVOS INTDES INTNA START_INT
455;['455'];INT;INTAN INTVOS INTDES INTNA START_INT
456;['456'];INT;INTAN INTVOS INTDES INTNA START_INT
457;['457'];INT;INTAN INTVOS INTDES INTNA START_INT
458;['458'];INT;INTAN INTVOS INTDES INTNA START_INT
459;['459'];INT;INTAN INTVOS INTDES INTNA START_INT
460;['460'];INT;INTAN INTVOS INTDES INTNA START_INT
461;['461'];INT;INTAN INTVOS INTDES INTNA START_INT
462;['462'];INT;INTAN INTVOS INTDES INTNA START_INT
463;['463'];INT;INTAN INTVOS INTDES INTNA START_INT
464;['464'];INT;INTAN INTVOS INTDES INTNA START_INT
465;['465'];INT;INTAN INTVOS INTDES INTNA START_INT
466;['466'];INT;INTAN INTVOS INTDES INTNA START_INT
467;['467'];INT;INTAN INTVOS INTDES INTNA START_INT
468;['468'];INT;INTAN INTVOS INTDES INTNA START_INT
469;['469'];INT;INTAN INTVOS INTDES INTNA START_INT
470;['470'];INT;INTAN INTVOS INTDES INTNA START_INT
471;['471'];INT;INTAN INTVOS INTDES INTNA START_INT
472;['472'];INT;INTAN INTVOS INTDES INTNA START_INT
473;['473'];INT;INTAN INTVOS INTDES INTNA START_INT
474;['474'];INT;INTAN INTVOS INTDES INTNA START_INT
475;['475'];INT;INTAN INTVOS INTDES INTNA START_INT
476;['476'];INT;INTAN INTVOS INTDES INTNA START_INT
477;['477'];INT;INTAN INTVOS INTDES INTNA START_INT
478;['478'];INT;INTAN INTVOS INTDES INTNA START_INT
479;['479'];INT;INTAN INTVOS INTDES INTNA START_INT
480;['480'];INT;INTAN INTVOS INTDES INTNA START_INT
481;['481'];INT;INTAN INTVOS INTDES INTNA START_INT
482;['482'];INT;INTAN INTVOS INTDES INTNA START_INT
483;['483'];INT;INTAN INTVOS INTDES INTNA START_INT
484;['484'];INT;INTAN INTVOS INTDES INTNA START_INT
485;['485'];INT;INTAN INTVOS INTDES INTNA START_INT
486;['486'];INT;INTAN INTVOS INTDES INTNA START_INT
487;['487'];INT;INTAN INTVOS INTDES INTNA START_INT
488;['488'];INT;INTAN INTVOS INTDES INTNA START_INT
489;['489'];INT;INTAN INTVOS INTDES INTNA START_INT
490;['490'];INT;INTAN INTVOS INTDES INTNA START_INT
491;['491'];INT;INTAN INTVOS INTDES INTNA START_INT
492;['492'];INT;INTAN INTVOS INTDES INTNA START_INT
493;['493'];INT;INTAN INTVOS INTDES INTNA START_INT
494;['494'];INT;INTAN INTVOS INTDES INTNA START_INT
495;['495'];INT;INTAN INTVOS INTDES INTNA START_INT
496;['496'];INT;INTAN INTVOS INTDES INTNA START_INT
497;['497'];INT;INTAN INTVOS INTDES INTNA START_INT
498;['498'];INT;INTAN INTVOS INTDES INTNA START_INT
499;['499'];INT;INTAN INTVOS INTDES INTNA START_INT
500;['500'];INT;INTAN INTVOS INTDES INTNA START_INT
501;['501'];INT;INTAN INTVOS INTDES INTNA START_INT
502;['502'];INT;INTAN INTVOS INTDES INTNA START_INT
503;['503'];INT;INTAN INTVOS INTDES INTNA START_INT
504;['504'];INT;INTAN INTVOS INTDES INTNA START_INT
505;['505'];INT;INTAN INTVOS INTDES INTNA START_INT
506;['506'];INT;INTAN INTVOS INTDES INTNA START_INT
507;['507'];INT;INTAN INTVOS INTDES INTNA START_INT
508;['508'];INT;INTAN INTVOS INTDES INTNA START_INT
509;['509'];INT;INTAN INTVOS INTDES INTNA START_INT
510;['510'];INT;INTAN INTVOS INTDES INTNA START_INT
511;['511'];INT;INTAN INTVOS INTDES INTNA START_INT
512;['512'];INT;INTAN INTVOS INTDES INTNA START_INT
513;['513'];INT;INTAN INTVOS INTDES INTNA START_INT
514;['514'];INT;INTAN INTVOS INTDES INTNA START_INT
515;['515'];INT;INTAN INTVOS INTDES INTNA START_INT
516;['516'];INT;INTAN INTVOS INTDES INTNA START_INT
517;['517'];INT;INTAN INTVOS INTDES INTNA START_INT
518;['518'];INT;INTAN INTVOS INTDES INTNA START_INT
519;['519'];INT;INTAN INTVOS INTDES INTNA START_INT
520;['520'];INT;INTAN INTVOS INTDES INTNA START_INT
521;['521'];INT;INTAN INTVOS INTDES INTNA START_INT
522;['522'];INT;INTAN INTVOS INTDES INTNA START_INT
523;['523'];INT;INTAN INTVOS INTDES INTNA START_INT
524;['524'];INT;INTAN INTVOS INTDES INTNA START_INT
525;['525'];INT;INTAN INTVOS INTDES INTNA START_INT
526;['526'];INT;INTAN INTVOS INTDES INTNA START_INT
527;['527'];INT;INTAN INTVOS INTDES INTNA START_INT
528;['528'];INT;INTAN INTVOS INTDES INTNA START_INT
529;['529'];INT;INTAN INTVOS INTDES INTNA START_INT
530;['530'];INT;INTAN INTVOS INTDES INTNA START_INT
531;['531'];INT;INTAN INTVOS INTDES INTNA START_INT
532;['532'];INT;INTAN INTVOS INTDES INTNA START_INT
533;['533'];INT;INTAN INTVOS INTDES INTNA START_INT
534;['534'];INT;INTAN INTVOS INTDES INTNA START_INT
535;['535'];INT;INTAN INTVOS INTDES INTNA START_INT
536;['536'];INT;INTAN INTVOS INTDES INTNA START_INT
537;['537'];INT;INTAN INTVOS INTDES INTNA START_INT
538;['538'];INT;INTAN INTVOS INTDES INTNA START_INT
539;['539'];INT;INTAN INTVOS INTDES INTNA START_INT
540;['540'];INT;INTAN INTVOS INTDES INTNA START_INT
541;['541'];INT;INTAN INTVOS INTDES INTNA START_INT
542;['542'];INT;INTAN INTVOS INTDES INTNA START_INT
543;['543'];INT;INTAN INTVOS INTDES INTNA START_INT
544;['544'];INT;INTAN INTVOS INTDES INTNA START_INT
545;['545'];INT;INTAN INTVOS INTDES INTNA START_INT
546;['546'];INT;INTAN INTVOS INTDES INTNA START_INT
547;['547'];INT;INTAN INTVOS INTDES INTNA START_INT
548;['548'];INT;INTAN INTVOS INTDES INTNA START_INT
549;['549'];INT;INTAN INTVOS INTDES INTNA START_INT
550;['550'];INT;INTAN INTVOS INTDES INTNA START_INT
551;['551'];INT;INTAN INTVOS INTDES INTNA START_INT
552;['552'];INT;INTAN INTVOS INTDES INTNA START_INT
553;['553'];INT;INTAN INTVOS INTDES INTNA START_INT
554;['554'];INT;INTAN INTVOS INTDES INTNA START_INT
555;['555'];INT;INTAN INTVOS INTDES INTNA START_INT
556;['556'];INT;INTAN INTVOS INTDES INTNA START_INT
557;['557'];INT;INTAN INTVOS INTDES INTNA START_INT
558;['558'];INT;INTAN INTVOS INTDES INTNA START_INT
559;['559'];INT;INTAN INTVOS INTDES INTNA START_INT
560;['560'];INT;INTAN INTVOS INTDES INTNA START_INT
561;['561'];INT;INTAN INTVOS INTDES INTNA START_INT
562;['562'];INT;INTAN INTVOS INTDES INTNA START_INT
563;['563'];INT;INTAN INTVOS INTDES INTNA START_INT
564;['564'];INT;INTAN INTVOS INTDES INTNA START_INT
565;['565'];INT;INTAN INTVOS INTDES INTNA START_INT
566;['566'];INT;INTAN INTVOS INTDES INTNA START_INT
567;['567'];INT;INTAN INTVOS INTDES INTNA START_INT
568;['568'];INT;INTAN INTVOS INTDES INTNA START_INT
569;['569'];INT;INTAN INTVOS INTDES INTNA START_INT
570;['570'];INT;INTAN INTVOS INTDES INTNA START_INT
571;['571'];INT;INTAN INTVOS INTDES INTNA START_INT
572;['572'];INT;INTAN INTVOS INTDES INTNA START_INT
573;['573'];INT;INTAN INTVOS INTDES INTNA START_INT
574;['574'];INT;INTAN INTVOS INTDES INTNA START_INT
575;['575'];INT;INTAN INTVOS INTDES INTNA START_INT
576;['576'];INT;INTAN INTVOS INTDES INTNA START_INT
577;['577'];INT;INTAN INTVOS INTDES INTNA START_INT
578;['578'];INT;INTAN INTVOS INTDES INTNA START_INT
579;['579'];INT;INTAN INTVOS INTDES INTNA START_INT
580;['580'];INT;INTAN INTVOS INTDES INTNA START_INT
581;['581'];INT;INTAN INTVOS INTDES INTNA START_INT
582;['582'];INT;INTAN INTVOS INTDES INTNA START_INT
583;['583'];INT;INTAN INTVOS INTDES INTNA START_INT
584;['584'];INT;INTAN INTVOS INTDES INTNA START_INT
585;['585'];INT;INTAN INTVOS INTDES INTNA START_INT
586;['586'];INT;INTAN INTVOS INTDES INTNA START_INT
587;['587'];INT;INTAN INTVOS INTDES INTNA START_INT
588;['588'];INT;INTAN INTVOS INTDES INTNA START_INT
589;['589'];INT;INTAN INTVOS INTDES INTNA START_INT
590;['590'];INT;INTAN INTVOS INTDES INTNA START_INT
591;['591'];INT;INTAN INTVOS INTDES INTNA START_INT
592;['592'];INT;INTAN INTVOS INTDES INTNA START_INT
593;['593'];INT;INTAN INTVOS INTDES INTNA START_INT
594;['594'];INT;INTAN INTVOS INTDES INTNA START_INT
595;['595'];INT;INTAN INTVOS INTDES INTNA START_INT
596;['596'];INT;INTAN INTVOS INTDES INTNA START_INT
597;['597'];INT;INTAN INTVOS INTDES INTNA START_INT
598;['598'];INT;INTAN INTVOS INTDES INTNA START_INT
599;['599'];INT;INTAN INTVOS INTDES INTNA START_INT
600;['600'];INT;INTAN INTVOS INTDES INTNA START_INT
601;['601'];INT;INTAN INTVOS INTDES INTNA START_INT
602;['602'];INT;INTAN INTVOS INTDES INTNA START_INT
603;['603'];INT;INTAN INTVOS INTDES INTNA START_INT
604;['604'];INT;INTAN INTVOS INTDES INTNA START_INT
605;['605'];INT;INTAN INTVOS INTDES INTNA START_INT
606;['606'];INT;INTAN INTVOS INTDES INTNA START_INT
607;['607'];INT;INTAN INTVOS INTDES INTNA START_INT
608;['608'];INT;INTAN INTVOS INTDES INTNA START_INT
609;['609'];INT;INTAN INTVOS INTDES INTNA START_INT
610;['610'];INT;INTAN INTVOS INTDES INTNA START_INT
611;['611'];INT;INTAN INTVOS INTDES INTNA START_INT
612;['612'];INT;INTAN INTVOS INTDES INTNA START_INT
613;['613'];INT;INTAN INTVOS INTDES INTNA START_INT
614;['614'];INT;INTAN INTVOS INTDES INTNA START_INT
615;['615'];INT;INTAN INTVOS INTDES INTNA START_INT
616;['616'];INT;INTAN INTVOS INTDES INTNA START_INT
617;['617'];INT;INTAN INTVOS INTDES INTNA START_INT
618;['618'];INT;INTAN INTVOS INTDES INTNA START_INT
619;['619'];INT;INTAN INTVOS INTDES INTNA START_INT
620;['620'];INT;INTAN INTVOS INTDES INTNA START_INT
621;['621'];INT;INTAN INTVOS INTDES INTNA START_INT
622;['622'];INT;INTAN INTVOS INTDES INTNA START_INT
623;['623'];INT;INTAN INTVOS INTDES INTNA START_INT
624;['624'];INT;INTAN INTVOS INTDES INTNA START_INT
625;['625'];INT;INTAN INTVOS INTDES INTNA START_INT
626;['626'];INT;INTAN INTVOS INTDES INTNA START_INT
627;['627'];INT;INTAN INTVOS INTDES INTNA START_INT
628;['628'];INT;INTAN INTVOS INTDES INTNA START_INT
629;['629'];INT;INTAN INTVOS INTDES INTNA START_INT
630;['630'];INT;INTAN INTVOS INTDES INTNA START_INT
631;['631'];INT;INTAN INTVOS INTDES INTNA START_INT
632;['632'];INT;INTAN INTVOS INTDES INTNA START_INT
633;['633'];INT;INTAN INTVOS INTDES INTNA START_INT
634;['634'];INT;INTAN INTVOS INTDES INTNA START_INT
635;['635'];INT;INTAN INTVOS INTDES INTNA START_INT
636;['636'];INT;INTAN INTVOS INTDES INTNA START_INT
637;['637'];INT;INTAN INTVOS INTDES INTNA START_INT
638;['638'];INT;INTAN INTVOS INTDES INTNA START_INT
639;['639'];INT;INTAN INTVOS INTDES INTNA START_INT
640;['640'];INT;INTAN INTVOS INTDES INTNA START_INT
641;['641'];INT;INTAN INTVOS INTDES INTNA START_INT
642;['642'];INT;INTAN INTVOS INTDES INTNA START_INT
643;['643'];INT;INTAN INTVOS INTDES INTNA START_INT
644;['644'];INT;INTAN INTVOS INTDES INTNA START_INT
645;['645'];INT;INTAN INTVOS INTDES INTNA START_INT
646;['646'];INT;INTAN INTVOS INTDES INTNA START_INT
647;['647'];INT;INTAN INTVOS INTDES INTNA START_INT
648;['648'];INT;INTAN INTVOS INTDES INTNA START_INT
649;['649'];INT;INTAN INTVOS INTDES INTNA START_INT
650;['650'];INT;INTAN INTVOS INTDES INTNA START_INT
651;['651'];INT;INTAN INTVOS INTDES INTNA START_INT
652;['652'];INT;INTAN INTVOS INTDES INTNA START_INT
653;['653'];INT;INTAN INTVOS INTDES INTNA START_INT
654;['654'];INT;INTAN INTVOS INTDES INTNA START_INT
655;['655'];INT;INTAN INTVOS INTDES INTNA START_INT
656;['656'];INT;INTAN INTVOS INTDES INTNA START_INT
657;['657'];INT;INTAN INTVOS INTDES INTNA START_INT
658;['658'];INT;INTAN INTVOS INTDES INTNA START_INT
659;['659'];INT;INTAN INTVOS INTDES INTNA START_INT
660;['660'];INT;INTAN INTVOS INTDES INTNA START_INT
661;['661'];INT;INTAN INTVOS INTDES INTNA START_INT
662;['662'];INT;INTAN INTVOS INTDES INTNA START_INT
663;['663'];INT;INTAN INTVOS INTDES INTNA START_INT
664;['664'];INT;INTAN INTVOS INTDES INTNA START_INT
665;['665'];INT;INTAN INTVOS INTDES INTNA START_INT
666;['666'];INT;INTAN INTVOS INTDES INTNA START_INT
667;['667'];INT;INTAN INTVOS INTDES INTNA START_INT
668;['668'];INT;INTAN INTVOS INTDES INTNA START_INT
669;['669'];INT;INTAN INTVOS INTDES INTNA START_INT
670;['670'];INT;INTAN INTVOS INTDES INTNA START_INT
671;['671'];INT;INTAN INTVOS INTDES INTNA START_INT
672;['672'];INT;INTAN INTVOS INTDES INTNA START_INT
673;['673'];INT;INTAN INTVOS INTDES INTNA START_INT
674;['674'];INT;INTAN INTVOS INTDES INTNA START_INT
675;['675'];INT;INTAN INTVOS INTDES INTNA START_INT
676;['676'];INT;INTAN INTVOS INTDES INTNA START_INT
677;['677'];INT;INTAN INTVOS INTDES INTNA START_INT
678;['678'];INT;INTAN INTVOS INTDES INTNA START_INT
679;['679'];INT;INTAN INTVOS INTDES INTNA START_INT
680;['680'];INT;INTAN INTVOS INTDES INTNA START_INT
681;['681'];INT;INTAN INTVOS INTDES INTNA START_INT
682;['682'];INT;INTAN INTVOS INTDES INTNA START_INT
683;['683'];INT;INTAN INTVOS INTDES INTNA START_INT
684;['684'];INT;INTAN INTVOS INTDES INTNA START_INT
685;['685'];INT;INTAN INTVOS INTDES INTNA START_INT
686;['686'];INT;INTAN INTVOS INTDES INTNA START_INT
687;['687'];INT;INTAN INTVOS INTDES INTNA START_INT
688;['688'];INT;INTAN INTVOS INTDES INTNA START_INT
689;['689'];INT;INTAN INTVOS INTDES INTNA START_INT
690;['690'];INT;INTAN INTVOS INTDES INTNA START_INT
691;['691'];INT;INTAN INTVOS INTDES INTNA START_INT
692;['692'];INT;INTAN INTVOS INTDES INTNA START_INT
693;['693'];INT;INTAN INTVOS INTDES INTNA START_INT
694;['694'];INT;INTAN INTVOS INTDES INTNA START_INT
695;['695'];INT;INTAN INTVOS INTDES INTNA START_INT
696;['696'];INT;INTAN INTVOS INTDES INTNA START_INT
697;['697'];INT;INTAN INTVOS INTDES INTNA START_INT
698;['698'];INT;INTAN INTVOS INTDES INTNA START_INT
699;['699'];INT;INTAN INTVOS INTDES INTNA START_INT
700;['700'];INT;INTAN INTVOS INTDES INTNA START_INT
701;['701'];INT;INTAN INTVOS INTDES INTNA START_INT
702;['702'];INT;INTAN INTVOS INTDES INTNA START_INT
703;['703'];INT;INTAN INTVOS INTDES INTNA START_INT
704;['704'];INT;INTAN INTVOS INTDES INTNA START_INT
705;['705'];INT;INTAN INTVOS INTDES INTNA START_INT
706;['706'];INT;INTAN INTVOS INTDES INTNA START_INT
707;['707'];INT;INTAN INTVOS INTDES INTNA START_INT
708;['708'];INT;INTAN INTVOS INTDES INTNA START_INT
709;['709'];INT;INTAN INTVOS INTDES INTNA START_INT
710;['710'];INT;INTAN INTVOS INTDES INTNA START_INT
711;['711'];INT;INTAN INTVOS INTDES INTNA START_INT
712;['712'];INT;INTAN INTVOS INTDES INTNA START_INT
713;['713'];INT;INTAN INTVOS INTDES INTNA START_INT
714;['714'];INT;INTAN INTVOS INTDES INTNA START_INT
715;['715'];INT;INTAN INTVOS INTDES INTNA START_INT
716;['716'];INT;INTAN INTVOS INTDES INTNA START_INT
717;['717'];INT;INTAN INTVOS INTDES INTNA START_INT
718;['718'];INT;INTAN INTVOS INTDES INTNA START_INT
719;['719'];INT;INTAN INTVOS INTDES INTNA START_INT
720;['720'];INT;INTAN INTVOS INTDES INTNA START_INT
721;['721'];INT;INTAN INTVOS INTDES INTNA START_INT
722;['722'];INT;INTAN INTVOS INTDES INTNA START_INT
723;['723'];INT;INTAN INTVOS INTDES INTNA START_INT
724;['724'];INT;INTAN INTVOS INTDES INTNA START_INT
725;['725'];INT;INTAN INTVOS INTDES INTNA START_INT
726;['726'];INT;INTAN INTVOS INTDES INTNA START_INT
727;['727'];INT;INTAN INTVOS INTDES INTNA START_INT
728;['728'];INT;INTAN INTVOS INTDES INTNA START_INT
729;['729'];INT;INTAN INTVOS INTDES INTNA START_INT
730;['730'];INT;INTAN INTVOS INTDES INTNA START_INT
731;['731'];INT;INTAN INTVOS INTDES INTNA START_INT
732;['732'];INT;INTAN INTVOS INTDES INTNA START_INT
733;['733'];INT;INTAN INTVOS INTDES INTNA START_INT
734;['734'];INT;INTAN INTVOS INTDES INTNA START_INT
735;['735'];INT;INTAN INTVOS INTDES INTNA START_INT
736;['736'];INT;INTAN INTVOS INTDES INTNA START_INT
737;['737'];INT;INTAN INTVOS INTDES INTNA START_INT
738;['738'];INT;INTAN INTVOS INTDES INTNA START_INT
739;['739'];INT;INTAN INTVOS INTDES INTNA START_INT
740;['740'];INT;INTAN INTVOS INTDES INTNA START_INT
741;['741'];INT;INTAN INTVOS INTDES INTNA START_INT
742;['742'];INT;INTAN INTVOS INTDES INTNA START_INT
743;['743'];INT;INTAN INTVOS INTDES INTNA START_INT
744;['744'];INT;INTAN INTVOS INTDES INTNA START_INT
745;['745'];INT;INTAN INTVOS INTDES INTNA START_INT
746;['746'];INT;INTAN INTVOS INTDES INTNA START_INT
747;['747'];INT;INTAN INTVOS INTDES INTNA START_INT
748;['748'];INT;INTAN INTVOS INTDES INTNA START_INT
749;['749'];INT;INTAN INTVOS INTDES INTNA START_INT
750;['750'];INT;INTAN INTVOS INTDES INTNA START_INT
751;['751'];INT;INTAN INTVOS INTDES INTNA START_INT
752;['752'];INT;INTAN INTVOS INTDES INTNA START_INT
753;['753'];INT;INTAN INTVOS INTDES INTNA START_INT
754;['754'];INT;INTAN INTVOS INTDES INTNA START_INT
755;['755'];INT;INTAN INTVOS INTDES INTNA START_INT
756;['756'];INT;INTAN INTVOS INTDES INTNA START_INT
757;['757'];INT;INTAN INTVOS INTDES INTNA START_INT
758;['758'];INT;INTAN INTVOS INTDES INTNA START_INT
759;['759'];INT;INTAN INTVOS INTDES INTNA START_INT
760;['760'];INT;INTAN INTVOS INTDES INTNA START_INT
761;['761'];INT;INTAN INTVOS INTDES INTNA START_INT
762;['762'];INT;INTAN INTVOS INTDES INTNA START_INT
763;['763'];INT;INTAN INTVOS INTDES INTNA START_INT
764;['764'];INT;INTAN INTVOS INTDES INTNA START_INT
765;['765'];INT;INTAN INTVOS INTDES INTNA START_INT
766;['766'];INT;INTAN INTVOS INTDES INTNA START_INT
767;['767'];INT;INTAN INTVOS INTDES INTNA START_INT
768;['768'];INT;INTAN INTVOS INTDES INTNA START_INT
769;['769'];INT;INTAN INTVOS INTDES INTNA START_INT
770;['770'];INT;INTAN INTVOS INTDES INTNA START_INT
771;['771'];INT;INTAN INTVOS INTDES INTNA START_INT
772;['772'];INT;INTAN INTVOS INTDES INTNA START_INT
773;['773'];INT;INTAN INTVOS INTDES INTNA START_INT
774;['774'];INT;INTAN INTVOS INTDES INTNA START_INT
775;['775'];INT;INTAN INTVOS INTDES INTNA START_INT
776;['776'];INT;INTAN INTVOS INTDES INTNA START_INT
777;['777'];INT;INTAN INTVOS INTDES INTNA START_INT
778;['778'];INT;INTAN INTVOS INTDES INTNA START_INT
779;['779'];INT;INTAN INTVOS INTDES INTNA START_INT
780;['780'];INT;INTAN INTVOS INTDES INTNA START_INT
781;['781'];INT;INTAN INTVOS INTDES INTNA START_INT
782;['782'];INT;INTAN INTVOS INTDES INTNA START_INT
783;['783'];INT;INTAN INTVOS INTDES INTNA START_INT
784;['784'];INT;INTAN INTVOS INTDES INTNA START_INT
785;['785'];INT;INTAN INTVOS INTDES INTNA START_INT
786;['786'];INT;INTAN INTVOS INTDES INTNA START_INT
787;['787'];INT;INTAN INTVOS INTDES INTNA START_INT
788;['788'];INT;INTAN INTVOS INTDES INTNA START_INT
789;['789'];INT;INTAN INTVOS INTDES INTNA START_INT
790;['790'];INT;INTAN INTVOS INTDES INTNA START_INT
791;['791'];INT;INTAN INTVOS INTDES INTNA START_INT
792;['792'];INT;INTAN INTVOS INTDES INTNA START_INT
793;['793'];INT;INTAN INTVOS INTDES INTNA START_INT
794;['794'];INT;INTAN INTVOS INTDES INTNA START_INT
795;['795'];INT;INTAN INTVOS INTDES INTNA START_INT
796;['796'];INT;INTAN INTVOS INTDES INTNA START_INT
797;['797'];INT;INTAN INTVOS INTDES INTNA START_INT
798;['798'];INT;INTAN INTVOS INTDES INTNA START_INT
799;['799'];INT;INTAN INTVOS INTDES INTNA START_INT
800;['800'];INT;INTAN INTVOS INTDES INTNA START_INT
801;['801'];INT;INTAN INTVOS INTDES INTNA START_INT
802;['802'];INT;INTAN INTVOS INTDES INTNA START_INT
803;['803'];INT;INTAN INTVOS INTDES INTNA START_INT
804;['804'];INT;INTAN INTVOS INTDES INTNA START_INT
805;['805'];INT;INTAN INTVOS INTDES INTNA START_INT
806;['806'];INT;INTAN INTVOS INTDES INTNA START_INT
807;['807'];INT;INTAN INTVOS INTDES INTNA START_INT
808;['808'];INT;INTAN INTVOS INTDES INTNA START_INT
809;['809'];INT;INTAN INTVOS INTDES INTNA START_INT
810;['810'];INT;INTAN INTVOS INTDES INTNA START_INT
811;['811'];INT;INTAN INTVOS INTDES INTNA START_INT
812;['812'];INT;INTAN INTVOS INTDES INTNA START_INT
813;['813'];INT;INTAN INTVOS INTDES INTNA START_INT
814;['814'];INT;INTAN INTVOS INTDES INTNA START_INT
815;['815'];INT;INTAN INTVOS INTDES INTNA START_INT
816;['816'];INT;INTAN INTVOS INTDES INTNA START_INT
817;['817'];INT;INTAN INTVOS INTDES INTNA START_INT
818;['818'];INT;INTAN INTVOS INTDES INTNA START_INT
819;['819'];INT;INTAN INTVOS INTDES INTNA START_INT
820;['820'];INT;INTAN INTVOS INTDES INTNA START_INT
821;['821'];INT;INTAN INTVOS INTDES INTNA START_INT
822;['822'];INT;INTAN INTVOS INTDES INTNA START_INT
823;['823'];INT;INTAN INTVOS INTDES INTNA START_INT
824;['824'];INT;INTAN INTVOS INTDES INTNA START_INT
825;['825'];INT;INTAN INTVOS INTDES INTNA START_INT
826;['826'];INT;INTAN INTVOS INTDES INTNA START_INT
827;['827'];INT;INTAN INTVOS INTDES INTNA START_INT
828;['828'];INT;INTAN INTVOS INTDES INTNA START_INT
829;['829'];INT;INTAN INTVOS INTDES INTNA START_INT
830;['830'];INT;INTAN INTVOS INTDES INTNA START_INT
831;['831'];INT;INTAN INTVOS INTDES INTNA START_INT
832;['832'];INT;INTAN INTVOS INTDES INTNA START_INT
833;['833'];INT;INTAN INTVOS INTDES INTNA START_INT
834;['834'];INT;INTAN INTVOS INTDES INTNA START_INT
835;['835'];INT;INTAN INTVOS INTDES INTNA START_INT
836;['836'];INT;INTAN INTVOS INTDES INTNA START_INT
837;['837'];INT;INTAN INTVOS INTDES INTNA START_INT
838;['838'];INT;INTAN INTVOS INTDES INTNA START_INT
839;['839'];INT;INTAN INTVOS INTDES INTNA START_INT
840;['840'];INT;INTAN INTVOS INTDES INTNA START_INT
841;['841'];INT;INTAN INTVOS INTDES INTNA START_INT
842;['842'];INT;INTAN INTVOS INTDES INTNA START_INT
843;['843'];INT;INTAN INTVOS INTDES INTNA START_INT
844;['844'];INT;INTAN INTVOS INTDES INTNA START_INT
845;['845'];INT;INTAN INTVOS INTDES INTNA START_INT
846;['846'];INT;INTAN INTVOS INTDES INTNA START_INT
847;['847'];INT;INTAN INTVOS INTDES INTNA START_INT
848;['848'];INT;INTAN INTVOS INTDES INTNA START_INT
849;['849'];INT;INTAN INTVOS INTDES INTNA START_INT
850;['850'];INT;INTAN INTVOS INTDES INTNA START_INT
851;['851'];INT;INTAN INTVOS INTDES INTNA START_INT
852;['852'];INT;INTAN INTVOS INTDES INTNA START_INT
853;['853'];INT;INTAN INTVOS INTDES INTNA START_INT
854;['854'];INT;INTAN INTVOS INTDES INTNA START_INT
855;['855'];INT;INTAN INTVOS INTDES INTNA START_INT
856;['856'];INT;INTAN INTVOS INTDES INTNA START_INT
857;['857'];INT;INTAN INTVOS INTDES INTNA START_INT
858;['858'];INT;INTAN INTVOS INTDES INTNA START_INT
859;['859'];INT;INTAN INTVOS INTDES INTNA START_INT
860;['860'];INT;INTAN INTVOS INTDES INTNA START_INT
861;['861'];INT;INTAN INTVOS INTDES INTNA START_INT
862;['862'];INT;INTAN INTVOS INTDES INTNA START_INT
863;['863'];INT;INTAN INTVOS INTDES INTNA START_INT
864;['864'];INT;INTAN INTVOS INTDES INTNA START_INT
865;['865'];INT;INTAN INTVOS INTDES INTNA START_INT
866;['866'];INT;INTAN INTVOS INTDES INTNA START_INT
867;['867'];INT;INTAN INTVOS INTDES INTNA START_INT
868;['868'];INT;INTAN INTVOS INTDES INTNA START_INT
869;['869'];INT;INTAN INTVOS INTDES INTNA START_INT
870;['870'];INT;INTAN INTVOS INTDES INTNA START_INT
871;['871'];INT;INTAN INTVOS INTDES INTNA START_INT
872;['872'];INT;INTAN INTVOS INTDES INTNA START_INT
873;['873'];INT;INTAN INTVOS INTDES INTNA START_INT
874;['874'];INT;INTAN INTVOS INTDES INTNA START_INT
875;['875'];INT;INTAN INTVOS INTDES INTNA START_INT
876;['876'];INT;INTAN INTVOS INTDES INTNA START_INT
877;['877'];INT;INTAN INTVOS INTDES INTNA START_INT
878;['878'];INT;INTAN INTVOS INTDES INTNA START_INT
879;['879'];INT;INTAN INTVOS INTDES INTNA START_INT
880;['880'];INT;INTAN INTVOS INTDES INTNA START_INT
881;['881'];INT;INTAN INTVOS INTDES INTNA START_INT
882;['882'];INT;INTAN INTVOS INTDES INTNA START_INT
883;['883'];INT;INTAN INTVOS INTDES INTNA START_INT
884;['884'];INT;INTAN INTVOS INTDES INTNA START_INT
885;['885'];INT;INTAN INTVOS INTDES INTNA START_INT
886;['886'];INT;INTAN INTVOS INTDES INTNA START_INT
887;['887'];INT;INTAN INTVOS INTDES INTNA START_INT
888;['888'];INT;INTAN INTVOS INTDES INTNA START_INT
889;['889'];INT;INTAN INTVOS INTDES INTNA START_INT
890;['890'];INT;INTAN INTVOS INTDES INTNA START_INT
891;['891'];INT;INTAN INTVOS INTDES INTNA START_INT
892;['892'];INT;INTAN INTVOS INTDES INTNA START_INT
893;['893'];INT;INTAN INTVOS INTDES INTNA START_INT
894;['894'];INT;INTAN INTVOS INTDES INTNA START_INT
895;['895'];INT;INTAN INTVOS INTDES INTNA START_INT
896;['896'];INT;INTAN INTVOS INTDES INTNA START_INT
897;['897'];INT;INTAN INTVOS INTDES INTNA START_INT
898;['898'];INT;INTAN INTVOS INTDES INTNA START_INT
899;['899'];INT;INTAN INTVOS INTDES INTNA START_INT
900;['900'];INT;INTAN INTVOS INTDES INTNA START_INT
901;['901'];INT;INTAN INTVOS INTDES INTNA START_INT
902;['902'];INT;INTAN INTVOS INTDES INTNA START_INT
903;['903'];INT;INTAN INTVOS INTDES INTNA START_INT
904;['904'];INT;INTAN INTVOS INTDES INTNA START_INT
905;['905'];INT;INTAN INTVOS INTDES INTNA START_INT
906;['906'];INT;INTAN INTVOS INTDES INTNA START_INT
907;['907'];INT;INTAN INTVOS INTDES INTNA START_INT
908;['908'];INT;INTAN INTVOS INTDES INTNA START_INT
909;['909'];INT;INTAN INTVOS INTDES INTNA START_INT
910;['910'];INT;INTAN INTVOS INTDES INTNA START_INT
911;['911'];INT;INTAN INTVOS INTDES INTNA START_INT
912;['912'];INT;INTAN INTVOS INTDES INTNA START_INT
913;['913'];INT;INTAN INTVOS INTDES INTNA START_INT
914;['914'];INT;INTAN INTVOS INTDES INTNA START_INT
915;['915'];INT;INTAN INTVOS INTDES INTNA START_INT
916;['916'];INT;INTAN INTVOS INTDES INTNA START_INT
917;['917'];INT;INTAN INTVOS INTDES INTNA START_INT
918;['918'];INT;INTAN INTVOS INTDES INTNA START_INT
919;['919'];INT;INTAN INTVOS INTDES INTNA START_INT
920;['920'];INT;INTAN INTVOS INTDES INTNA START_INT
921;['921'];INT;INTAN INTVOS INTDES INTNA START_INT
922;['922'];INT;INTAN INTVOS INTDES INTNA START_INT
923;['923'];INT;INTAN INTVOS INTDES INTNA START_INT
924;['924'];INT;INTAN INTVOS INTDES INTNA START_INT
925;['925'];INT;INTAN INTVOS INTDES INTNA START_INT
926;['926'];INT;INTAN INTVOS INTDES INTNA START_INT
927;['927'];INT;INTAN INTVOS INTDES INTNA START_INT
928;['928'];INT;INTAN INTVOS INTDES INTNA START_INT
929;['929'];INT;INTAN INTVOS INTDES INTNA START_INT
930;['930'];INT;INTAN INTVOS INTDES INTNA START_INT
931;['931'];INT;INTAN INTVOS INTDES INTNA START_INT
932;['932'];INT;INTAN INTVOS INTDES INTNA START_INT
933;['933'];INT;INTAN INTVOS INTDES INTNA START_INT
934;['934'];INT;INTAN INTVOS INTDES INTNA START_INT
935;['935'];INT;INTAN INTVOS INTDES INTNA START_INT
936;['936'];INT;INTAN INTVOS INTDES INTNA START_INT
937;['937'];INT;INTAN INTVOS INTDES INTNA START_INT
938;['938'];INT;INTAN INTVOS INTDES INTNA START_INT
939;['939'];INT;INTAN INTVOS INTDES INTNA START_INT
940;['940'];INT;INTAN INTVOS INTDES INTNA START_INT
941;['941'];INT;INTAN INTVOS INTDES INTNA START_INT
942;['942'];INT;INTAN INTVOS INTDES INTNA START_INT
943;['943'];INT;INTAN INTVOS INTDES INTNA START_INT
944;['944'];INT;INTAN INTVOS INTDES INTNA START_INT
945;['945'];INT;INTAN INTVOS INTDES INTNA START_INT
946;['946'];INT;INTAN INTVOS INTDES INTNA START_INT
947;['947'];INT;INTAN INTVOS INTDES INTNA START_INT
948;['948'];INT;INTAN INTVOS INTDES INTNA START_INT
949;['949'];INT;INTAN INTVOS INTDES INTNA START_INT
950;['950'];INT;INTAN INTVOS INTDES INTNA START_INT
951;['951'];INT;INTAN INTVOS INTDES INTNA START_INT
952;['952'];INT;INTAN INTVOS INTDES INTNA START_INT
953;['953'];INT;INTAN INTVOS INTDES INTNA START_INT
954;['954'];INT;INTAN INTVOS INTDES INTNA START_INT
955;['955'];INT;INTAN INTVOS INTDES INTNA START_INT
956;['956'];INT;INTAN INTVOS INTDES INTNA START_INT
957;['957'];INT;INTAN INTVOS INTDES INTNA START_INT
958;['958'];INT;INTAN INTVOS INTDES INTNA START_INT
959;['959'];INT;INTAN INTVOS INTDES INTNA START_INT
960;['960'];INT;INTAN INTVOS INTDES INTNA START_INT
961;['961'];INT;INTAN INTVOS INTDES INTNA START_INT
962;['962'];INT;INTAN INTVOS INTDES INTNA START_INT
963;['963'];INT;INTAN INTVOS INTDES INTNA START_INT
964;['964'];INT;INTAN INTVOS INTDES INTNA START_INT
965;['965'];INT;INTAN INTVOS INTDES INTNA START_INT
966;['966'];INT;INTAN INTVOS INTDES INTNA START_INT
967;['967'];INT;INTAN INTVOS INTDES INTNA START_INT
968;['968'];INT;INTAN INTVOS INTDES INTNA START_INT
969;['969'];INT;INTAN INTVOS INTDES INTNA START_INT
970;['970'];INT;INTAN INTVOS INTDES INTNA START_INT
971;['971'];INT;INTAN INTVOS INTDES INTNA START_INT
972;['972'];INT;INTAN INTVOS INTDES INTNA START_INT
973;['973'];INT;INTAN INTVOS INTDES INTNA START_INT
974;['974'];INT;INTAN INTVOS INTDES INTNA START_INT
975;['975'];INT;INTAN INTVOS INTDES INTNA START_INT
976;['976'];INT;INTAN INTVOS INTDES INTNA START_INT
977;['977'];INT;INTAN INTVOS INTDES INTNA START_INT
978;['978'];INT;INTAN INTVOS INTDES INTNA START_INT
979;['979'];INT;INTAN INTVOS INTDES INTNA START_INT
980;['980'];INT;INTAN INTVOS INTDES INTNA START_INT
981;['981'];INT;INTAN INTVOS INTDES INTNA START_INT
982;['982'];INT;INTAN INTVOS INTDES INTNA START_INT
983;['983'];INT;INTAN INTVOS INTDES INTNA START_INT
984;['984'];INT;INTAN INTVOS INTDES INTNA START_INT
985;['985'];INT;INTAN INTVOS INTDES INTNA START_INT
986;['986'];INT;INTAN INTVOS INTDES INTNA START_INT
987;['987'];INT;INTAN INTVOS INTDES INTNA START_INT
988;['988'];INT;INTAN INTVOS INTDES INTNA START_INT
989;['989'];INT;INTAN INTVOS INTDES INTNA START_INT
990;['990'];INT;INTAN INTVOS INTDES INTNA START_INT
991;['991'];INT;INTAN INTVOS INTDES INTNA START_INT
992;['992'];INT;INTAN INTVOS INTDES INTNA START_INT
993;['993'];INT;INTAN INTVOS INTDES INTNA START_INT
994;['994'];INT;INTAN INTVOS INTDES INTNA START_INT
995;['995'];INT;INTAN INTVOS INTDES INTNA START_INT
996;['996'];INT;INTAN INTVOS INTDES INTNA START_INT
997;['997'];INT;INTAN INTVOS INTDES INTNA START_INT
998;['998'];INT;INTAN INTVOS INTDES INTNA START_INT
999;['999'];INT;INTAN INTVOS INTDES INTNA START_INT
